{
  "attack": {
    "Afghanistan": -0.7719726060904913,
    "Albania": 0.5080211182324255,
    "Algeria": 0.7532970315891291,
    "American Samoa": -74.087860996094,
    "Andorra": -0.46366792333723056,
    "Angola": -0.22519190660038935,
    "Anguilla": -3.549906699149748,
    "Antigua and Barbuda": -1.176338067833548,
    "Argentina": 1.18879886608084,
    "Armenia": 0.40684072507380054,
    "Aruba": -0.8073265338912378,
    "Australia": 0.6167443820078021,
    "Austria": 0.9530510431812271,
    "Azerbaijan": 0.13949305485413324,
    "Bahamas": -2.662093869388055,
    "Bahrain": -0.12528515475206875,
    "Bangladesh": -1.199356347858402,
    "Barbados": -1.1018680012961104,
    "Belarus": 0.12444017405577025,
    "Belgium": 1.3261623518638759,
    "Belize": -1.3070010176978277,
    "Benin": 0.1730802838130312,
    "Bermuda": -0.16860914469360652,
    "Bhutan": -1.404582958027168,
    "Bolivia": 0.8066563069902865,
    "Bosnia and Herzegovina": 0.6319008395399998,
    "Botswana": -0.10930086409603906,
    "Brazil": 1.2286636895214753,
    "British Virgin Islands": -3.255288297731665,
    "Brunei": -1.4542435340946056,
    "Bulgaria": 0.12097926165311321,
    "Burkina Faso": 0.36907490323584535,
    "Burundi": -0.4669874566871267,
    "Cambodia": -1.2958152309761404,
    "Cameroon": 0.45565679284079874,
    "Canada": 0.7752607823202932,
    "Cape Verde": 0.2237966636007672,
    "Cayman Islands": -1.6973922573854163,
    "Central African Republic": -0.05742618134519639,
    "Chad": -0.7219173884399177,
    "Chile": 0.5151741272626024,
    "China PR": 0.10409301551926085,
    "Colombia": 1.0293671830469893,
    "Comoros": -0.029575283148370112,
    "Congo": -0.006196664444378972,
    "Cook Islands": -1.8174062545796514,
    "Costa Rica": 0.29364696718381345,
    "Croatia": 1.1122533072158904,
    "Cuba": -0.4242732612842585,
    "Cura\u00e7ao": 0.3200848695009304,
    "Cyprus": 0.2090969011709202,
    "Czech Republic": 0.7899217231293224,
    "DR Congo": 0.40618495675183924,
    "Denmark": 1.0876221389121834,
    "Djibouti": -0.5353415965142682,
    "Dominica": -0.6332114905414892,
    "Dominican Republic": -0.09328445284172847,
    "Ecuador": 0.8325276840910031,
    "Egypt": 0.3525756978190464,
    "El Salvador": -0.24226001328968408,
    "England": 1.4240671694629354,
    "Equatorial Guinea": -0.33969396283440245,
    "Eritrea": -0.9115529542345625,
    "Estonia": 0.06203666937403151,
    "Eswatini": -0.8319804162095127,
    "Ethiopia": -0.3439284548452978,
    "Faroe Islands": -0.11030415985512824,
    "Fiji": 0.0578605007246408,
    "Finland": 0.5771059307969844,
    "France": 1.317737136651328,
    "Gabon": 0.07230045019399145,
    "Gambia": 0.22422537741718543,
    "Georgia": 0.4997851437024017,
    "Germany": 1.3922910133372566,
    "Ghana": 0.5247826793137998,
    "Gibraltar": -0.7044542551867955,
    "Greece": 0.6960251710320854,
    "Grenada": -0.6843746422979982,
    "Guam": -1.5592629513168892,
    "Guatemala": 0.37645186426272087,
    "Guinea": -0.02171065731754407,
    "Guinea-Bissau": -0.3392239725202147,
    "Guyana": -0.7182433357784935,
    "Haiti": 0.08584397160717168,
    "Honduras": -0.06570098939992812,
    "Hong Kong": -1.0847040754619506,
    "Hungary": 0.7894222807958147,
    "Iceland": 0.760659282210208,
    "India": -0.6356532182244119,
    "Indonesia": -0.041934664718184994,
    "Iran": 0.6850547659644248,
    "Iraq": 0.20241838046503147,
    "Israel": 0.8901397799511491,
    "Italy": 1.1102763464131056,
    "Ivory Coast": 0.12901007700610634,
    "Jamaica": 0.04339594742788511,
    "Japan": 0.8407254305743007,
    "Jordan": 0.34044421492301996,
    "Kazakhstan": 0.41406103346541434,
    "Kenya": -0.16341378974215426,
    "Kosovo": 0.5752549774352955,
    "Kuwait": 0.07902458912504931,
    "Kyrgyzstan": 0.19359457263504967,
    "Laos": -2.37998992270329,
    "Latvia": -0.046375658725600635,
    "Lebanon": -0.28080861387268025,
    "Lesotho": -0.06715344063703638,
    "Liberia": -0.08086850069982869,
    "Libya": -0.08294877060719462,
    "Liechtenstein": -1.6319382649741598,
    "Lithuania": 0.055936274264344964,
    "Luxembourg": 0.27179544099663155,
    "Macau": -1.8339963303223636,
    "Madagascar": 0.23974404460922194,
    "Malawi": -0.3878803731628712,
    "Malaysia": -0.0519298056647475,
    "Maldives": -0.9184759064785808,
    "Mali": 0.3050941921816551,
    "Malta": -0.13476071572681758,
    "Mauritania": -0.9191958138898231,
    "Mauritius": -0.6417043235877433,
    "Mexico": 0.3952066668372775,
    "Moldova": -0.16082766894761297,
    "Mongolia": -1.6146426030341,
    "Montenegro": 0.20821914651691023,
    "Montserrat": -0.5219218784589829,
    "Morocco": 0.8733564622760815,
    "Mozambique": 0.03644241347929431,
    "Myanmar": -0.6705358358827457,
    "Namibia": -0.06002654497766313,
    "Nepal": -1.0351394320083585,
    "Netherlands": 1.2549906784992593,
    "New Caledonia": 0.25389802124293986,
    "New Zealand": 1.0155174423041256,
    "Nicaragua": -0.208024061794507,
    "Niger": 0.30452398433075956,
    "Nigeria": 0.3922474537301699,
    "North Korea": -0.09263204056753524,
    "North Macedonia": 0.7719123504807966,
    "Northern Ireland": 0.22840459559684154,
    "Norway": 1.059929608084123,
    "Oman": 0.1014067834089002,
    "Pakistan": -2.0802262883285194,
    "Palestine": -0.04506034475263843,
    "Panama": 0.450260359465374,
    "Papua New Guinea": 0.06319469114820624,
    "Paraguay": 0.5690181855343682,
    "Peru": 0.5529685038757697,
    "Philippines": -0.6612807141007173,
    "Poland": 0.9139149287051191,
    "Portugal": 1.3211187795962707,
    "Puerto Rico": -0.27647729253155884,
    "Qatar": 0.6521717513912798,
    "Republic of Ireland": 0.4531448024934089,
    "Romania": 0.6895347952766149,
    "Russia": 1.1530819709450144,
    "Rwanda": -0.4043689004206207,
    "Saint Kitts and Nevis": -0.5985402986621544,
    "Saint Lucia": -0.4869289632960436,
    "Saint Vincent and the Grenadines": -0.3524085250439891,
    "Samoa": -0.8413059238842684,
    "San Marino": -1.2357055086499855,
    "Saudi Arabia": 0.2791872624033973,
    "Scotland": 0.7580248290075695,
    "Senegal": 0.7462823372084514,
    "Serbia": 0.8993188990228881,
    "Seychelles": -2.068701173668579,
    "Sierra Leone": -0.09205212811516314,
    "Singapore": -0.4122574965689851,
    "Slovakia": 0.7910036746965006,
    "Slovenia": 0.6389889115321155,
    "Solomon Islands": 0.29248119847790555,
    "Somalia": -0.8985692306238122,
    "South Africa": 0.30086123974898116,
    "South Korea": 0.5897526323866508,
    "South Sudan": -1.0306584158054077,
    "Spain": 1.4662836303779645,
    "Sri Lanka": -1.34295336594713,
    "Sudan": -0.14297769253613937,
    "Suriname": 0.1701300916801327,
    "Sweden": 0.9832535392594447,
    "Switzerland": 1.096292159174607,
    "Syria": -0.037820532776010767,
    "S\u00e3o Tom\u00e9 and Pr\u00edncipe": -0.7626101261850581,
    "Tahiti": -0.2923343487660056,
    "Taiwan": -0.8840976262323779,
    "Tajikistan": -0.06971645959288206,
    "Tanzania": -0.3729644042369949,
    "Thailand": -0.054198908856706925,
    "Timor-Leste": -1.4075505679204605,
    "Togo": -0.4074744900720709,
    "Tonga": -0.10567208049425922,
    "Trinidad and Tobago": -0.16589911632309812,
    "Tunisia": 0.3911978653760019,
    "Turkey": 1.0100083940102866,
    "Turkmenistan": -0.008102840202008415,
    "Turks and Caicos Islands": -2.89187094741099,
    "Uganda": -0.07661873647203427,
    "Ukraine": 0.8826990108546842,
    "United Arab Emirates": 0.3997567156564963,
    "United States": 0.6143203849456229,
    "United States Virgin Islands": -2.7847697081145735,
    "Uruguay": 0.9287377612781349,
    "Uzbekistan": 0.43571527876884525,
    "Vanuatu": 0.237282513457015,
    "Venezuela": 0.6888275375520377,
    "Vietnam": 0.05657471146937582,
    "Wales": 0.8018586510146326,
    "Yemen": -0.5817977009015121,
    "Zambia": 0.1302440111780236,
    "Zimbabwe": -0.5352938021004026
  },
  "defence": {
    "Afghanistan": -0.5103145116518095,